name,phone
Holly-Anne,(802) 983-9126
Caty,(316) 786-4509
Dorelia,(627) 380-9925
Diannne,(834) 602-8396
Dinah,(550) 547-4594
Dione,(385) 917-6881
Ibby,(768) 651-1606
Dela,(610) 782-1997
Ivy,(450) 822-9827
Freddi,(674) 971-7305
Dorian,(453) 315-5456
Donica,(374) 816-8918
Dianna,(888) 668-9971
Desdemona,(942) 452-3530
Irina,(978) 221-6134
Catlaina,(913) 962-0916
Cary,(580) 476-8517
Dominga,(406) 357-9822
Eloise,(908) 870-2878
Deidre,(711) 479-7546
Ingeberg,(516) 429-5003
Dominique,(308) 468-3182
Ivett,(441) 582-9160
Ellie,(719) 364-0233
Celestine,(809) 665-3719
Cathyleen,(545) 338-6262
Inga,(339) 890-3222
Elnore,(898) 873-2286
Ilyse,(611) 439-4685
Idalina,(616) 916-2094
Dionis,(263) 601-7567
Fredericka,(791) 399-9364
Irene,(850) 472-1907
Catarina,(237) 608-2757
Celinda,(810) 667-9885
Fifi,(634) 518-0841
Inna,(550) 223-9251
Delcine,(208) 235-5579
Isis,(887) 768-3282
Iris,(331) 675-5396
Ileana,(414) 375-7547
Franny,(602) 245-0913
Cecil,(570) 573-3307
Florence,(991) 863-5606
Hyacinthia,(555) 515-9966
Dinnie,(343) 256-4377
Denyse,(975) 292-3674
Denna,(772) 440-7002
Ilene,(503) 952-2624
Edyth,(961) 588-7333
Ingrid,(736) 697-7472
Fionnula,(803) 682-2418
Dena,(240) 462-3541
Donnie,(720) 228-0374
Freda,(698) 730-3603
Delinda,(345) 561-4468
Deirdre,(667) 541-1279
Isidora,(605) 870-4192
Cayla,(343) 631-9237
Fredrika,(717) 229-6864
Delphinia,(885) 882-6546
Gabriel,(410) 623-9345
Inger,(293) 552-3989
Dorene,(660) 745-8894
Catie,(936) 255-9180
Isabelita,(360) 554-9762
Inessa,(892) 975-6114
Catherin,(876) 215-3666
Della,(323) 885-3550
Ilka,(347) 770-8122
Isahella,(580) 848-9686
Floria,(708) 399-9742
Dolli,(276) 494-4401
Celinka,(436) 338-7689
Elenore,(670) 878-8171
Cathe,(272) 202-9786
Dori,(464) 685-6296
Donni,(480) 707-9451
Caterina,(525) 981-9067
Gabbi,(672) 557-5963
Idell,(696) 756-6100
Diane-Marie,(379) 975-9563
Dode,(402) 701-2823
Diandra,(278) 244-9326
Denise,(591) 844-5797
Fred,(356) 306-4057
Doralynne,(537) 956-0605
Elie,(988) 467-2936
Irita,(876) 211-6958
Freida,(883) 741-4880
Doralyn,(684) 383-2785
Florencia,(695) 349-4202
Isa,(201) 776-2829
Fran,(546) 333-0546
Diena,(556) 769-6154
Dianemarie,(330) 568-3417
Doll,(619) 882-3060
Ibbie,(475) 750-4737
Catrina,(788) 918-1093
Ida,(987) 826-9598
Catherina,(889) 577-6366
Isadora,(622) 760-1664
Cassaundra,(278) 211-8207
Elfrieda,(718) 253-4121
Fulvia,(925) 433-6444
Francene,(926) 826-7096
Florri,(809) 982-7373
Elianore,(884) 859-1538
Elena,(336) 775-7653
Freddie,(758) 501-4599
Donetta,(280) 241-5263
Diane,(618) 895-6445
Isobel,(560) 330-5820
Catlee,(412) 426-8210
Eleanore,(934) 529-4429
Celestina,(854) 854-1208
Catharina,(819) 635-6784
Hortensia,(623) 617-0825
Inge,(954) 907-3382
Inez,(477) 717-7219
Ellette,(495) 348-4958
Hollyanne,(603) 725-3451
Doe,(300) 219-7750
Cate,(295) 636-1354
Issy,(877) 793-8213
Didi,(669) 732-6904
Flossy,(307) 780-3381
Dollie,(494) 928-6105
Casi,(725) 516-9080
Illa,(677) 818-7854
Dian,(233) 555-4075
Irena,(235) 476-3420
Elayne,(916) 918-4453
Catriona,(225) 436-9376
Electra,(415) 620-4907
Deny,(729) 840-3942
Casie,(705) 245-7499
Ira,(954) 665-6273
Dorelle,(961) 619-2901
Elizabet,(861) 359-9383
Donna,(972) 966-6932
Dorey,(674) 687-7161
Ella,(916) 714-7195
Elli,(817) 283-6257
Elke,(595) 788-6584
Ivory,(648) 822-4038
Catharine,(629) 252-7398
Devi,(985) 874-4283
Elisabetta,(943) 510-8315
Fleur,(905) 713-9643
Iolanthe,(817) 910-4634
Del,(955) 837-9823
Dore,(226) 992-3163
Elizabeth,(776) 328-8550
Fiona,(902) 980-7338
Gabriella,(374) 590-0356
Ilysa,(430) 424-5926
Elane,(647) 902-1388
Delly,(959) 440-4959
Cassi,(370) 990-2098
Florrie,(452) 921-4757
Cassy,(603) 782-0562
Hynda,(597) 372-9934
Elaine,(461) 546-1910
Elberta,(932) 685-9860
Celine,(748) 251-7381
Doretta,(205) 681-2674
Diahann,(519) 793-9352
Francisca,(575) 292-9883
Celestyna,(732) 529-0823
Imogene,(469) 288-6819
Cathleen,(709) 663-4927
Desiree,(840) 204-2548
Caye,(501) 665-1625
Elissa,(671) 519-0855
Isabel,(635) 997-4002
Celene,(838) 266-1460
Gabey,(743) 412-2794
Deena,(552) 896-4553
Flore,(958) 853-7104
Elle,(714) 727-7883
Idelle,(379) 898-7809
Demetris,(229) 461-1163
Doralia,(478) 303-1753
Florina,(242) 377-5885
Celeste,(573) 322-5225
Dora,(450) 602-2959
Eilis,(700) 637-2675
Fredi,(364) 508-2746
Inesita,(968) 335-3165
Elana,(916) 958-7518
Ellen,(680) 772-4052
Celie,(566) 308-5326
Hyacintha,(489) 558-2326
Cathrin,(643) 718-7670
Deloria,(871) 400-7435
Gabriell,(763) 355-2810
Elisabeth,(389) 567-3871
Iona,(720) 237-4849
Deni,(863) 967-9035
Devon,(466) 587-7659
Elmira,(442) 723-3336
Cecily,(394) 361-1586
Dion,(872) 778-4591
Iormina,(551) 994-1793
Ileane,(674) 863-9743
Devin,(630) 745-3165
Frayda,(518) 748-1194
Fionna,(251) 905-6342
Deonne,(913) 668-9784
Dennie,(877) 495-2355
Doloritas,(922) 954-8302
Donny,(946) 944-8168
Delcina,(425) 674-2769
Ivie,(906) 233-9804
Casandra,(346) 250-2300
Issi,(792) 632-6814
Delores,(820) 964-1292
Cathy,(311) 823-1140
Francine,(848) 826-5542
Deva,(451) 679-6827
Florenza,(285) 862-0936
Eileen,(684) 462-8665
Delia,(300) 773-1226
Catha,(359) 389-6234
Frederique,(841) 665-9355
Celia,(436) 473-3129
Dorine,(598) 602-0773
Dorena,(672) 798-6242
Elianora,(414) 544-6070
Idette,(626) 876-9984
Flori,(801) 227-2935
Domeniga,(651) 469-9048
Imogen,(950) 434-6755
Florance,(410) 208-1656
Francesca,(295) 866-5135
Fiorenze,(290) 324-5994
Doreen,(778) 329-5992
Dido,(512) 216-2560
Friederike,(378) 839-8407
Cathee,(957) 601-7665
Florida,(511) 839-5127
Filide,(608) 425-7230
Izabel,(359) 904-6278
Devora,(983) 829-2693
Dorella,(244) 941-3710
Florinda,(294) 288-4016
Gabrielle,(711) 782-0088
Catlin,(281) 397-1465
Dinny,(796) 222-4875
Indira,(961) 439-5668
Eleni,(490) 426-4839
Ivette,(606) 674-3658
Denice,(598) 685-7791
Catherine,(799) 566-3147
Ingaborg,(579) 957-0175
Hortense,(652) 891-2251
Florette,(784) 222-9953
Flossi,(231) 316-7856
Denni,(526) 988-8765
Demeter,(595) 419-4670
Delphine,(921) 203-7455
Deerdre,(782) 349-9644
Issie,(589) 771-5713
Ellyn,(431) 534-8458
Ellissa,(236) 286-8400
Ilise,(226) 706-4159
Elladine,(609) 771-0813
Desirae,(212) 404-2276
Hyacinthie,(225) 425-0379
Elna,(363) 826-3158
Ceil,(669) 723-7225
Dolorita,(385) 764-9895
Delora,(305) 354-3151
Doralynn,(529) 638-4368
Devina,(869) 903-0238
Cassandra,(564) 532-3131
Eleanor,(994) 391-9630
Fleurette,(222) 530-6376
Filia,(915) 658-1360
Flo,(471) 849-2412
Hyacinth,(280) 536-5417
Donielle,(375) 912-7795
Gabi,(955) 478-7179
Gabbie,(487) 274-4924
Elfrida,(473) 607-8509
Honoria,(901) 502-1297
Cathryn,(432) 514-9206
Idalia,(643) 214-4600
Dodi,(924) 963-5711
Eleanora,(988) 293-1964
Frederica,(987) 801-5699
Caryl,(809) 447-7090
Delilah,(847) 374-5149
Flossie,(266) 281-8290
Celisse,(842) 640-9049
Fina,(455) 849-1905
Irma,(997) 573-3262
Gaby,(785) 898-8245
Ilyssa,(787) 419-1233
Idaline,(312) 794-9264
Ina,(797) 628-3698
Devondra,(399) 204-1992
Dodie,(657) 991-0515
Cassie,(663) 360-0454
Hyacinthe,(332) 487-1811
Gabie,(366) 361-5158
Dorette,(980) 974-9556
Dehlia,(743) 825-5784
Dorice,(287) 613-3615
Elene,(725) 974-2809
Hulda,(545) 823-4595
Elfie,(666) 786-9331
Donnamarie,(959) 411-3652
Donelle,(490) 673-9204
Deina,(216) 988-7012
Cass,(212) 754-5494
Denny,(862) 960-4803
Dolley,(792) 329-1866
Fredia,(309) 731-1128
Elly,(532) 469-4347
Dita,(605) 323-3871
Francoise,(552) 712-3205
Ceciley,(664) 785-8999
Flss,(214) 295-6614
Casey,(705) 335-7073
Cathi,(538) 647-2566
Domini,(218) 247-3513
Cassandre,(743) 411-5939
Elinore,(529) 509-5465
Isabella,(779) 521-1434
Doria,(759) 958-2151
Diann,(868) 291-5964
Dniren,(778) 455-7818
Ianthe,(977) 924-9697
Dody,(913) 949-1352
Ingaberg,(650) 903-6947
Celestia,(956) 744-0533
Franky,(881) 220-4869
Elbertina,(628) 703-4806
Gabriela,(702) 304-3833
Ilsa,(339) 370-4642
Elise,(236) 695-3366
Di,(361) 559-7911
Dell,(716) 273-1529
Dolly,(765) 988-5114
Dionne,(732) 534-4518
Cassey,(314) 386-7739
Eleonora,(767) 310-3144
Eimile,(729) 929-1652
Flor,(218) 299-3659
Fredra,(734) 305-0227
Diana,(751) 294-7600
Elbertine,(501) 751-7345
Gabbey,(752) 842-1231
Dominica,(750) 398-4705
Florentia,(871) 925-9088
Cele,(783) 482-5225
Elaina,(698) 613-3865
Elita,(896) 374-0641
Dorie,(799) 973-6212
Devan,(627) 350-4017
Elga,(472) 706-5565
Dianne,(288) 286-0208
Deloris,(546) 683-0171
Eloisa,(532) 365-5415
Cassondra,(678) 769-2408
Frieda,(569) 448-3237
Celesta,(675) 465-7194
Celestyn,(603) 658-3370
Elinor,(903) 223-0623
Honor,(291) 831-3348
Dix,(203) 211-5734
Honey,(374) 758-9632
Ines,(591) 902-4042
Dolores,(867) 635-1274
Eirena,(433) 770-9216
Elka,(824) 402-5901
Devonne,(745) 887-9912
Cati,(870) 426-3080
Elicia,(950) 585-0811
Floris,(574) 845-4837
Cathie,(818) 775-1640
Cathlene,(336) 845-1193
Doralin,(965) 431-7409
Frannie,(469) 671-4956
Freddy,(549) 241-9788
Imojean,(578) 931-1141
Iseabal,(222) 279-7241
Isabelle,(822) 694-9423
Elisha,(411) 852-5161
Dona,(470) 402-3294
Gabrila,(506) 545-0857
Catina,(733) 933-9564
Caryn,(818) 285-6216
Demetra,(545) 422-7417
Flory,(548) 627-8613
Effie,(670) 534-7295
Hope,(434) 404-3528
Fredelia,(303) 375-8136
Elisabet,(630) 261-2836
Elisa,(470) 901-3665
Fifine,(458) 507-6036
Franciska,(426) 743-2916
Eleen,(577) 890-2452
Donella,(341) 446-8641
Ekaterina,(565) 697-4117
Franni,(961) 869-0274
Cathrine,(364) 950-2365
Frances,(902) 357-8450
Desiri,(496) 787-3188
Devonna,(757) 478-0426
Ingunna,(236) 251-5376
Eliza,(759) 929-1793
Doris,(595) 288-7897
Delila,(932) 618-3998
Flora,(312) 208-6346
Ilse,(913) 412-0173
Deeyn,(428) 956-6032
Cecile,(246) 249-7641
Ellene,(932) 318-3771
Ellynn,(587) 291-8848
Elnora,(426) 570-4629
Filippa,(305) 735-5164
Frank,(282) 759-1835
Donia,(530) 877-6994
Iolande,(452) 340-6271
Cecilla,(622) 417-3250
Denys,(480) 430-9355
Florry,(357) 923-0649
Cassandry,(895) 487-8973
Cecelia,(343) 230-4284
Florie,(645) 304-1328
Frankie,(761) 265-1045
Horatia,(237) 961-6542
Eleonore,(595) 353-1809
Edythe,(682) 854-3030
Imelda,(485) 544-9877
Dierdre,(901) 631-3184
Ivonne,(231) 692-9080
Dina,(514) 369-1253
Celina,(922) 892-0505
Cecilia,(261) 761-9403
Gabriellia,(329) 555-5861
Ingeborg,(337) 306-9556
Elfreda,(889) 662-6210
Demetria,(935) 512-5352
Francyne,(222) 907-8710
Dixie,(564) 445-2938
Florella,(962) 672-9291
Devinne,(495) 943-5044
